{"cameraMode":{"drawMode":0,"name":"Shaded","section":"Shading Mode"},"sceneLighting":false,"audioPlay":false,"sceneViewState":{"showFog":true,"showMaterialUpdate":false,"showSkybox":true,"showFlares":true,"showImageEffects":true,"showParticleSystems":true},"in2DMode":false,"pivot":{"x":-3.1780614852905275,"y":-3.2279109954833986,"z":-2.441842794418335},"rotation":{"x":0.27254971861839297,"y":-0.7188284397125244,"z":0.3819388449192047,"w":0.5129570960998535},"size":30.829017639160158,"orthographic":false}