{"cameraMode":{"drawMode":0,"name":"Shaded","section":"Shading Mode"},"sceneLighting":false,"audioPlay":false,"sceneViewState":{"showFog":true,"showMaterialUpdate":false,"showSkybox":true,"showFlares":true,"showImageEffects":true,"showParticleSystems":true},"in2DMode":false,"pivot":{"x":4.912227630615234,"y":-1.6718635559082032,"z":-13.441864013671875},"rotation":{"x":-0.29382824897766116,"y":-0.6469430923461914,"z":0.2982691526412964,"w":-0.6373109221458435},"size":24.386249542236329,"orthographic":false}