{"cameraMode":{"drawMode":0,"name":"Shaded","section":"Shading Mode"},"sceneLighting":false,"audioPlay":false,"sceneViewState":{"showFog":true,"showMaterialUpdate":false,"showSkybox":true,"showFlares":true,"showImageEffects":true,"showParticleSystems":true},"in2DMode":false,"pivot":{"x":-1.780212640762329,"y":-1.562211036682129,"z":0.8600311279296875},"rotation":{"x":0.273318886756897,"y":-0.21695049107074738,"z":0.06341926753520966,"w":0.9349905848503113},"size":11.028916358947754,"orthographic":false}