{"cameraMode":{"drawMode":0,"name":"Shaded","section":"Shading Mode"},"sceneLighting":false,"audioPlay":false,"sceneViewState":{"showFog":true,"showMaterialUpdate":false,"showSkybox":true,"showFlares":true,"showImageEffects":true,"showParticleSystems":true},"in2DMode":false,"pivot":{"x":1.489309310913086,"y":2.0458621978759767,"z":-8.078203201293946},"rotation":{"x":0.254153311252594,"y":-0.7031137943267822,"z":0.30217206478118899,"w":0.5913791060447693},"size":18.76715850830078,"orthographic":false}