{"cameraMode":{"drawMode":0,"name":"Shaded","section":"Shading Mode"},"sceneLighting":false,"audioPlay":false,"sceneViewState":{"showFog":true,"showMaterialUpdate":false,"showSkybox":true,"showFlares":true,"showImageEffects":true,"showParticleSystems":true},"in2DMode":false,"pivot":{"x":9.682599067687989,"y":0.1015462875366211,"z":-36.241432189941409},"rotation":{"x":-0.4187484085559845,"y":-0.29992932081222536,"z":0.14878584444522859,"w":-0.844129741191864},"size":12.720264434814454,"orthographic":false}