{"cameraMode":{"drawMode":0,"name":"Shaded","section":"Shading Mode"},"sceneLighting":false,"audioPlay":false,"sceneViewState":{"showFog":true,"showMaterialUpdate":false,"showSkybox":true,"showFlares":true,"showImageEffects":true,"showParticleSystems":true},"in2DMode":false,"pivot":{"x":17.55731964111328,"y":4.369208812713623,"z":-34.737422943115237},"rotation":{"x":0.1000485047698021,"y":-0.32081645727157595,"z":0.03410124406218529,"w":0.9412248730659485},"size":22.985151290893556,"orthographic":false}