{"cameraMode":{"drawMode":0,"name":"Shaded","section":"Shading Mode"},"sceneLighting":false,"audioPlay":false,"sceneViewState":{"showFog":true,"showMaterialUpdate":false,"showSkybox":true,"showFlares":true,"showImageEffects":true,"showParticleSystems":true},"in2DMode":false,"pivot":{"x":0.0,"y":3.750000476837158,"z":0.00000667572021484375},"rotation":{"x":0.22078387439250947,"y":-0.7709831595420837,"z":0.3534957766532898,"w":0.4815394878387451},"size":31.14307975769043,"orthographic":false}