{"cameraMode":{"drawMode":0,"name":"Shaded","section":"Shading Mode"},"sceneLighting":false,"audioPlay":false,"sceneViewState":{"showFog":true,"showMaterialUpdate":false,"showSkybox":true,"showFlares":true,"showImageEffects":true,"showParticleSystems":true},"in2DMode":false,"pivot":{"x":-5.743490219116211,"y":3.0691490173339845,"z":1.8888815641403199},"rotation":{"x":0.30480146408081057,"y":-0.618040919303894,"z":0.282251238822937,"w":0.6674246788024902},"size":31.143070220947267,"orthographic":false}