{"cameraMode":{"drawMode":0,"name":"Shaded","section":"Shading Mode"},"sceneLighting":false,"audioPlay":false,"sceneViewState":{"showFog":true,"showMaterialUpdate":false,"showSkybox":true,"showFlares":true,"showImageEffects":true,"showParticleSystems":true},"in2DMode":false,"pivot":{"x":1.8115146160125733,"y":-0.15633153915405274,"z":2.5182347297668459},"rotation":{"x":-0.25631004571914675,"y":0.7289533019065857,"z":-0.3551047444343567,"w":-0.5261491537094116},"size":4.666904449462891,"orthographic":false}