{"cameraMode":{"drawMode":0,"name":"Shaded","section":"Shading Mode"},"sceneLighting":false,"audioPlay":false,"sceneViewState":{"showFog":true,"showMaterialUpdate":false,"showSkybox":true,"showFlares":true,"showImageEffects":true,"showParticleSystems":true},"in2DMode":false,"pivot":{"x":-3.1410059928894045,"y":-5.4185380935668949,"z":2.267216682434082},"rotation":{"x":0.3554967939853668,"y":-0.3246031105518341,"z":0.1332036554813385,"w":0.866320788860321},"size":23.77159881591797,"orthographic":false}