{"cameraMode":{"drawMode":0,"name":"Shaded","section":"Shading Mode"},"sceneLighting":false,"audioPlay":false,"sceneViewState":{"showFog":true,"showMaterialUpdate":false,"showSkybox":true,"showFlares":true,"showImageEffects":true,"showParticleSystems":true},"in2DMode":false,"pivot":{"x":3.6742944717407228,"y":1.415247917175293,"z":3.2240209579467775},"rotation":{"x":-0.14833568036556245,"y":0.8432405591011047,"z":-0.2947886288166046,"w":-0.4243132174015045},"size":23.696321487426759,"orthographic":false}