{"cameraMode":{"drawMode":0,"name":"Shaded","section":"Shading Mode"},"sceneLighting":false,"audioPlay":false,"sceneViewState":{"showFog":true,"showMaterialUpdate":false,"showSkybox":true,"showFlares":true,"showImageEffects":true,"showParticleSystems":true},"in2DMode":false,"pivot":{"x":1.725168228149414,"y":1.0222101211547852,"z":-7.801177024841309},"rotation":{"x":0.07203196734189987,"y":-0.8548030257225037,"z":0.12342701852321625,"w":0.498887836933136},"size":18.76715850830078,"orthographic":false}