{"cameraMode":{"drawMode":0,"name":"Shaded","section":"Shading Mode"},"sceneLighting":false,"audioPlay":false,"sceneViewState":{"showFog":true,"showMaterialUpdate":false,"showSkybox":true,"showFlares":true,"showImageEffects":true,"showParticleSystems":true},"in2DMode":false,"pivot":{"x":4.912227630615234,"y":-1.6718635559082032,"z":-13.441864013671875},"rotation":{"x":-0.11950936913490296,"y":-0.8717119693756104,"z":0.39557281136512759,"w":-0.26335909962654116},"size":24.386249542236329,"orthographic":false}