{"cameraMode":{"drawMode":0,"name":"Shaded","section":"Shading Mode"},"sceneLighting":false,"audioPlay":false,"sceneViewState":{"showFog":true,"showMaterialUpdate":false,"showSkybox":true,"showFlares":true,"showImageEffects":true,"showParticleSystems":true},"in2DMode":false,"pivot":{"x":0.09759521484375,"y":6.413144111633301,"z":0.4601569175720215},"rotation":{"x":0.3379545211791992,"y":-0.31873393058776858,"z":0.12282522022724152,"w":0.8769888877868652},"size":21.291988372802736,"orthographic":false}