{"cameraMode":{"drawMode":0,"name":"Shaded","section":"Shading Mode"},"sceneLighting":false,"audioPlay":false,"sceneViewState":{"showFog":true,"showMaterialUpdate":false,"showSkybox":true,"showFlares":true,"showImageEffects":true,"showParticleSystems":true},"in2DMode":false,"pivot":{"x":-2.0120396614074709,"y":2.6511731147766115,"z":2.663317918777466},"rotation":{"x":-0.08878221362829209,"y":0.7384149432182312,"z":-0.09916907548904419,"w":-0.6610799431800842},"size":9.943692207336426,"orthographic":false}