{"cameraMode":{"drawMode":0,"name":"Shaded","section":"Shading Mode"},"sceneLighting":false,"audioPlay":false,"sceneViewState":{"showFog":true,"showMaterialUpdate":false,"showSkybox":true,"showFlares":true,"showImageEffects":true,"showParticleSystems":true},"in2DMode":false,"pivot":{"x":2.501199722290039,"y":-2.5826306343078615,"z":-11.497455596923829},"rotation":{"x":-0.016784174367785455,"y":0.9725604057312012,"z":-0.21984368562698365,"w":-0.074252188205719},"size":21.700958251953126,"orthographic":false}