{"cameraMode":{"drawMode":0,"name":"Shaded","section":"Shading Mode"},"sceneLighting":false,"audioPlay":false,"sceneViewState":{"showFog":true,"showMaterialUpdate":false,"showSkybox":true,"showFlares":true,"showImageEffects":true,"showParticleSystems":true},"in2DMode":false,"pivot":{"x":0.6934041976928711,"y":0.5242500305175781,"z":-0.4233131408691406},"rotation":{"x":-0.29255765676498415,"y":0.4006333649158478,"z":-0.13669443130493165,"w":-0.8574482798576355},"size":16.144546508789064,"orthographic":false}