{"cameraMode":{"drawMode":0,"name":"Shaded","section":"Shading Mode"},"sceneLighting":false,"audioPlay":false,"sceneViewState":{"showFog":true,"showMaterialUpdate":false,"showSkybox":true,"showFlares":true,"showImageEffects":true,"showParticleSystems":true},"in2DMode":false,"pivot":{"x":-0.6551666259765625,"y":3.8330888748168947,"z":-9.549018859863282},"rotation":{"x":-0.08582960069179535,"y":0.9136928915977478,"z":-0.2650233507156372,"w":-0.29590752720832827},"size":28.535634994506837,"orthographic":false}