{"cameraMode":{"drawMode":0,"name":"Shaded","section":"Shading Mode"},"sceneLighting":false,"audioPlay":false,"sceneViewState":{"showFog":true,"showMaterialUpdate":false,"showSkybox":true,"showFlares":true,"showImageEffects":true,"showParticleSystems":true},"in2DMode":false,"pivot":{"x":18.461772918701173,"y":1.6937421560287476,"z":-51.84474563598633},"rotation":{"x":-0.1701006144285202,"y":0.6656057238578796,"z":-0.15971456468105317,"w":-0.7088907957077026},"size":9.39968490600586,"orthographic":false}