{"cameraMode":{"drawMode":0,"name":"Shaded","section":"Shading Mode"},"sceneLighting":false,"audioPlay":false,"sceneViewState":{"showFog":true,"showMaterialUpdate":false,"showSkybox":true,"showFlares":true,"showImageEffects":true,"showParticleSystems":true},"in2DMode":false,"pivot":{"x":0.00024819374084472656,"y":-0.050090789794921878,"z":-9.431591033935547},"rotation":{"x":-0.15662360191345216,"y":-0.685603678226471,"z":0.1547548770904541,"w":-0.693878710269928},"size":8.194754600524903,"orthographic":false}