{"cameraMode":{"drawMode":0,"name":"Shaded","section":"Shading Mode"},"sceneLighting":false,"audioPlay":false,"sceneViewState":{"showFog":true,"showMaterialUpdate":false,"showSkybox":true,"showFlares":true,"showImageEffects":true,"showParticleSystems":true},"in2DMode":false,"pivot":{"x":-1.6692276000976563,"y":-1.4930000305175782,"z":0.044631004333496097},"rotation":{"x":0.34619832038879397,"y":-0.35129880905151369,"z":0.1417013704776764,"w":0.8582870364189148},"size":19.551183700561525,"orthographic":false}