{"cameraMode":{"drawMode":0,"name":"Shaded","section":"Shading Mode"},"sceneLighting":false,"audioPlay":false,"sceneViewState":{"showFog":true,"showMaterialUpdate":false,"showSkybox":true,"showFlares":true,"showImageEffects":true,"showParticleSystems":true},"in2DMode":false,"pivot":{"x":0.07523918151855469,"y":3.40297794342041,"z":0.2115612030029297},"rotation":{"x":-0.11245900392532349,"y":0.8522688150405884,"z":-0.20478306710720063,"w":-0.4680328667163849},"size":31.14307975769043,"orthographic":false}