{"cameraMode":{"drawMode":0,"name":"Shaded","section":"Shading Mode"},"sceneLighting":false,"audioPlay":false,"sceneViewState":{"showFog":true,"showMaterialUpdate":false,"showSkybox":true,"showFlares":true,"showImageEffects":true,"showParticleSystems":true},"in2DMode":false,"pivot":{"x":-0.7113075256347656,"y":-1.0472946166992188,"z":-1.8067817687988282},"rotation":{"x":0.0935237854719162,"y":-0.9061263203620911,"z":0.27821436524391177,"w":0.3046065866947174},"size":27.1251220703125,"orthographic":false}