{"cameraMode":{"drawMode":0,"name":"Shaded","section":"Shading Mode"},"sceneLighting":false,"audioPlay":false,"sceneViewState":{"showFog":true,"showMaterialUpdate":false,"showSkybox":true,"showFlares":true,"showImageEffects":true,"showParticleSystems":true},"in2DMode":false,"pivot":{"x":6.943334579467773,"y":-4.945579528808594,"z":6.362339019775391},"rotation":{"x":0.42628681659698489,"y":-0.509292483329773,"z":0.32171884179115298,"w":0.6748316287994385},"size":41.9945182800293,"orthographic":false}