{"cameraMode":{"drawMode":0,"name":"Shaded","section":"Shading Mode"},"sceneLighting":false,"audioPlay":false,"sceneViewState":{"showFog":true,"showMaterialUpdate":false,"showSkybox":true,"showFlares":true,"showImageEffects":true,"showParticleSystems":true},"in2DMode":false,"pivot":{"x":0.0,"y":2.5250000953674318,"z":2.440000057220459},"rotation":{"x":-0.37949663400650027,"y":0.42746806144714358,"z":-0.2041233628988266,"w":-0.7947244644165039},"size":11.587289810180664,"orthographic":false}