{"cameraMode":{"drawMode":0,"name":"Shaded","section":"Shading Mode"},"sceneLighting":false,"audioPlay":false,"sceneViewState":{"showFog":true,"showMaterialUpdate":false,"showSkybox":true,"showFlares":true,"showImageEffects":true,"showParticleSystems":true},"in2DMode":false,"pivot":{"x":0.0,"y":3.750000476837158,"z":0.00000667572021484375},"rotation":{"x":-0.014984607696533203,"y":0.9524539113044739,"z":-0.047480713576078418,"w":-0.30058717727661135},"size":31.14307975769043,"orthographic":false}