{"cameraMode":{"drawMode":0,"name":"Shaded","section":"Shading Mode"},"sceneLighting":false,"audioPlay":false,"sceneViewState":{"showFog":true,"showMaterialUpdate":false,"showSkybox":true,"showFlares":true,"showImageEffects":true,"showParticleSystems":true},"in2DMode":false,"pivot":{"x":2.8001394271850588,"y":-0.5040974617004395,"z":-15.407546043395996},"rotation":{"x":-0.0800756961107254,"y":0.9195351004600525,"z":-0.25776875019073489,"w":-0.2856543958187103},"size":12.163545608520508,"orthographic":false}