{"cameraMode":{"drawMode":0,"name":"Shaded","section":"Shading Mode"},"sceneLighting":false,"audioPlay":false,"sceneViewState":{"showFog":true,"showMaterialUpdate":false,"showSkybox":true,"showFlares":true,"showImageEffects":true,"showParticleSystems":true},"in2DMode":false,"pivot":{"x":40.261314392089847,"y":7.404637336730957,"z":-75.06782531738281},"rotation":{"x":-0.02581549994647503,"y":0.9189594388008118,"z":-0.06102545186877251,"w":-0.3887454867362976},"size":6.650331020355225,"orthographic":false}