{"cameraMode":{"drawMode":0,"name":"Shaded","section":"Shading Mode"},"sceneLighting":false,"audioPlay":false,"sceneViewState":{"showFog":true,"showMaterialUpdate":false,"showSkybox":true,"showFlares":true,"showImageEffects":true,"showParticleSystems":true},"in2DMode":false,"pivot":{"x":0.2222461700439453,"y":4.1966094970703129,"z":0.19228744506835938},"rotation":{"x":0.33610373735427859,"y":-0.32620641589164736,"z":0.12536081671714784,"w":0.8745903968811035},"size":33.58493423461914,"orthographic":false}